{
  "human_summary": {
    "mode": "human",
    "time_to_convergence": {
      "mean": 2264.419577858239,
      "median": 2272.832837248578,
      "std": 60.22249349415241,
      "p95": 2347.7485430214433,
      "min": 2077.640718671231,
      "max": 2374.332433008046
    },
    "consensus_quality": {
      "mean": 0.9318706358266127,
      "median": 0.9318983455085517,
      "std": 0.018812665528412712,
      "p95": 0.961291330552984,
      "min": 0.8886218783867388,
      "max": 0.9687068868407519
    },
    "info_throughput": {
      "mean": 0.2887887382092057,
      "median": 0.2886036985589444,
      "std": 0.008524994991525984,
      "p95": 0.30486518281961783,
      "min": 0.2732820594388635,
      "max": 0.31718669839194713
    },
    "iterations_to_closure": {
      "mean": 1.95,
      "median": 2.0,
      "std": 0.6571287406727709,
      "p95": 3,
      "min": 1,
      "max": 4
    },
    "role_compliance_rate": {
      "mean": 0.8116666666666666,
      "median": 0.8,
      "std": 0.07253235664820744,
      "p95": 0.9333333333333333,
      "min": 0.5333333333333333,
      "max": 0.9666666666666667
    },
    "strut_utilization": {
      "mean": 0.7043333333333334,
      "median": 0.7,
      "std": 0.06622718026920502,
      "p95": 0.8166666666666667,
      "min": 0.55,
      "max": 0.8333333333333334
    },
    "error_propagation_rate": {
      "mean": 0.14198902013034667,
      "median": 0.1412646433199043,
      "std": 0.03101742436336531,
      "p95": 0.20648967551622419,
      "min": 0.07751937984496124,
      "max": 0.23520485584218512
    },
    "decision_stability": {
      "mean": 0.6066666666666667,
      "median": 0.5833333333333334,
      "std": 0.12427116363013897,
      "p95": 0.8333333333333334,
      "min": 0.25,
      "max": 0.9166666666666666
    }
  },
  "agent_summary": {
    "mode": "agent",
    "time_to_convergence": {
      "mean": 612.7116509509973,
      "median": 615.0737731591412,
      "std": 13.311784817834281,
      "p95": 633.3959142940032,
      "min": 574.4059785536135,
      "max": 634.9503634406591
    },
    "consensus_quality": {
      "mean": 0.9576877177353543,
      "median": 0.9582364013996096,
      "std": 0.010657184050191927,
      "p95": 0.9734321714957898,
      "min": 0.9228979072901686,
      "max": 0.9822889372884622
    },
    "info_throughput": {
      "mean": 0.999660787051111,
      "median": 1.0008877576106314,
      "std": 0.010790730533669196,
      "p95": 1.0174256236206718,
      "min": 0.9780105744335658,
      "max": 1.0240873069100342
    },
    "iterations_to_closure": {
      "mean": 1,
      "median": 1.0,
      "std": 0.0,
      "p95": 1,
      "min": 1,
      "max": 1
    },
    "role_compliance_rate": {
      "mean": 1.0,
      "median": 1.0,
      "std": 0.0,
      "p95": 1.0,
      "min": 1.0,
      "max": 1.0
    },
    "strut_utilization": {
      "mean": 1.0,
      "median": 1.0,
      "std": 0.0,
      "p95": 1.0,
      "min": 1.0,
      "max": 1.0
    },
    "error_propagation_rate": {
      "mean": 0.0,
      "median": 0.0,
      "std": 0.0,
      "p95": 0.0,
      "min": 0.0,
      "max": 0.0
    },
    "decision_stability": {
      "mean": 0.9758294490698338,
      "median": 0.9777056136430927,
      "std": 0.01411586266896832,
      "p95": 0.9968541946305178,
      "min": 0.9504119115954287,
      "max": 0.9999028826023546
    }
  },
  "config": {
    "n_participants": 30,
    "n_topics": 12,
    "icosahedron_nodes": 12,
    "icosahedron_edges": 30,
    "icosahedron_faces": 20,
    "n_simulations": 100,
    "human_session_range_min": 1440,
    "human_session_range_max": 4320,
    "agent_session_range_min": 120,
    "agent_session_range_max": 480
  }
}